,Unnamed: 0,asset,strike_pct,duration,util,mood,option_type,train_start_date,train_end_date,date_start,date_end,strike,years,max_drawdown_percentiles,cagr_percentiles,sharpe_percentiles,asset_label,kelly_params,engine,0_percentile_max_drawdown,25_percentile_max_drawdown,50_percentile_max_drawdown,75_percentile_max_drawdown,100_percentile_max_drawdown,0_percentile_cagr,25_percentile_cagr,50_percentile_cagr,75_percentile_cagr,100_percentile_cagr
0,0,Aave,-10.0,1,0.5,Full History,put,2020-10-14,2021-10-31,2020-10-14,2021-10-31,0.9,2.73972602739726,[0.07528105 0.20031622 0.26635227 0.35464082 0.6901954 ],[-0.27154111 -0.04546782  0.02669985  0.09832597  0.36130025],[-0.06033321 -0.00688279  0.01289618  0.03645168  0.18137005],Aave_put_S=-10.0_D=1_M=Full History,[4.06250037e-04 4.04266381e-01 9.95570189e+01 2.76370838e-03],kelly,0.07528105052530673,0.20031622151627565,0.2663522731486523,0.35464081921596474,0.6901954005134521,-0.2715411093518536,-0.04546781757959839,0.026699851484825676,0.09832597208550431,0.36130025162934265
1,1,Aave,-10.0,1,0.5,Full History,call,2020-10-14,2021-10-31,2020-10-14,2021-10-31,0.9,2.73972602739726,[0.37793573 0.59549191 0.68053587 0.78708102 0.98253058],[-0.74274285  0.041834    0.38955823  0.96736755  3.9186581 ],[-0.06531643  0.02390912  0.04296429  0.06673789  0.12850822],Aave_call_S=-10.0_D=1_M=Full History,[0.00667697 0.39678508 0.61694953 0.12318732],kelly,0.3779357265347331,0.5954919072830777,0.6805358747294316,0.7870810239994522,0.982530581295625,-0.7427428539714904,0.04183399935844617,0.3895582293135801,0.9673675488815359,3.9186580994962616
2,2,Aave,-10.0,7,0.5,Full History,put,2020-10-14,2021-10-31,2020-10-14,2021-10-31,0.9,2.73972602739726,[0.10007155 0.24483753 0.32006344 0.40815612 0.73114135],[-0.36132681 -0.06084697  0.02282673  0.12627234  0.43096145],[-0.07280279 -0.00801381  0.01149749  0.03718156  0.13570964],Aave_put_S=-10.0_D=7_M=Full History,[0.00378027 0.64248047 0.6379201  0.02549268],kelly,0.10007154689195495,0.2448375319471496,0.3200634385719833,0.40815611882534986,0.7311413450479747,-0.36132681077330364,-0.0608469684165934,0.022826734628995315,0.12627234261818632,0.4309614497872556
3,3,Aave,-10.0,7,0.5,Full History,call,2020-10-14,2021-10-31,2020-10-14,2021-10-31,0.9,2.73972602739726,[0.3015346  0.59471969 0.69737814 0.81436708 0.97701222],[-0.72191328  0.15187377  0.64960783  1.52506736  8.94040139],[-0.03666017  0.03568039  0.05631309  0.0849811   0.17777736],Aave_call_S=-10.0_D=7_M=Full History,[ 0.071208    1.80605271 11.23688024  0.21920438],kelly,0.3015345969212739,0.5947196909731711,0.6973781441806577,0.8143670847389175,0.9770122182435983,-0.7219132828274799,0.15187377035138883,0.6496078297528708,1.5250673589459258,8.94040139224057
4,4,Aave,-10.0,14,0.5,Full History,put,2020-10-14,2021-10-31,2020-10-14,2021-10-31,0.9,2.73972602739726,[0.09663668 0.26163316 0.34324164 0.45245517 0.7782402 ],[-0.39396527 -0.06038688  0.05731943  0.15534626  0.58501626],[-0.06174792 -0.00415302  0.01897073  0.04032509  0.17404233],Aave_put_S=-10.0_D=14_M=Full History,[0.0096449  0.78187    0.679228   0.04326308],kelly,0.09663667815395467,0.2616331616242838,0.3432416366018963,0.45245516702358124,0.7782402042801727,-0.39396526506083596,-0.06038688405045006,0.05731942824632952,0.15534626337963847,0.5850162570409128
5,5,Aave,-10.0,14,0.5,Full History,call,2020-10-14,2021-10-31,2020-10-14,2021-10-31,0.9,2.73972602739726,[0.24844375 0.58897902 0.71436665 0.91695159 7.96789   ],[nan nan nan nan nan],[-0.02843803  0.04556674  0.06789181  0.09444063  0.17719903],Aave_call_S=-10.0_D=14_M=Full History,[1.75625243e-01 2.55390397e-08 1.00000000e+02 3.08562807e-01],kelly,0.24844374519465526,0.5889790218235577,0.7143666495187115,0.9169515920750968,7.967890002895304,,,,,
6,6,Aave,0.0,1,0.5,Full History,put,2020-10-14,2021-10-31,2020-10-14,2021-10-31,1.0,2.73972602739726,[0.19829818 0.39982171 0.48409225 0.59880867 0.85756208],[-0.46508881 -0.09148094  0.08685968  0.26603925  1.71329861],[-0.06444696 -0.00120736  0.02188167  0.04286277  0.17223941],Aave_put_S=0.0_D=1_M=Full History,[1.88592479e-03 2.99425565e-01 9.47940308e+01 2.58217672e-02],kelly,0.19829818342318345,0.3998217107118919,0.4840922453277201,0.5988086686243256,0.8575620821788253,-0.4650888113548146,-0.09148094305816229,0.08685968085467066,0.2660392486528136,1.7132986119668057
7,7,Aave,0.0,1,0.5,Full History,call,2020-10-14,2021-10-31,2020-10-14,2021-10-31,1.0,2.73972602739726,[0.26896072 0.45015007 0.55163308 0.66582846 0.93810007],[-0.60218975 -0.052366    0.16979122  0.42018728  1.95722165],[-0.07152032  0.00820171  0.03002634  0.05102794  0.13857632],Aave_call_S=0.0_D=1_M=Full History,[2.99843274e-03 3.01917817e-01 9.99847623e+01 3.41986955e-02],kelly,0.2689607159604433,0.450150069307641,0.5516330845143627,0.6658284568771906,0.9381000669440941,-0.6021897479120317,-0.0523660005399694,0.16979122071086605,0.4201872769088032,1.957221654817495
8,8,Aave,0.0,7,0.5,Full History,put,2020-10-14,2021-10-31,2020-10-14,2021-10-31,1.0,2.73972602739726,[0.17304029 0.35091065 0.43956269 0.54767196 0.89074137],[-0.51239081 -0.06826399  0.08668871  0.24338563  1.02189191],"[-6.78879076e-02 -1.14146452e-04  2.21128657e-02  4.20297340e-02
  1.30725080e-01]",Aave_put_S=0.0_D=7_M=Full History,[0.01003435 0.63099327 0.63168649 0.06403545],kelly,0.17304029194084222,0.3509106543259962,0.4395626907831034,0.547671959793639,0.8907413653483128,-0.5123908120664696,-0.06826399412366563,0.0866887124184682,0.24338562914573864,1.0218919056335882
9,9,Aave,0.0,7,0.5,Full History,call,2020-10-14,2021-10-31,2020-10-14,2021-10-31,1.0,2.73972602739726,[0.27785532 0.5129816  0.62882886 0.7344958  0.95787394],[-0.57051635  0.01193259  0.27848048  0.64613052  2.35217642],[-0.04286845  0.02007974  0.03901319  0.0615572   0.14474165],Aave_call_S=0.0_D=7_M=Full History,[0.0283265  1.351632   1.13587676 0.11997059],kelly,0.277855316476064,0.5129816031883071,0.628828859909301,0.7344958038753946,0.9578739384445499,-0.5705163491341316,0.011932585674444829,0.27848047695384526,0.6461305224375167,2.352176420216613
10,10,Aave,0.0,14,0.5,Full History,put,2020-10-14,2021-10-31,2020-10-14,2021-10-31,1.0,2.73972602739726,[0.13271564 0.29855604 0.38065946 0.4871086  0.79777218],[-0.43448098 -0.06988243  0.06029781  0.19865032  0.83185844],[-0.06489713 -0.00301698  0.01867135  0.04191025  0.16521045],Aave_put_S=0.0_D=14_M=Full History,[0.01347466 0.6923385  0.63816492 0.06731825],kelly,0.13271563827525953,0.2985560414022497,0.38065946384590793,0.4871086025434699,0.7977721757074302,-0.43448098434612015,-0.06988242633682565,0.06029781385000543,0.19865031806307148,0.8318584352240597
11,11,Aave,0.0,14,0.5,Full History,call,2020-10-14,2021-10-31,2020-10-14,2021-10-31,1.0,2.73972602739726,[0.21580277 0.50604277 0.63139216 0.75897428 0.99896647],[-0.8839267   0.01906842  0.40371365  0.88330965  3.28359217],[-0.05401417  0.02470511  0.04719426  0.07197502  0.15991861],Aave_call_S=0.0_D=14_M=Full History,[8.53279376e-02 1.30544002e+00 1.00000000e+02 1.94810686e-01],kelly,0.21580276824446623,0.5060427668867565,0.631392158653262,0.7589742792775952,0.9989664704777458,-0.8839267029801653,0.019068415536549588,0.40371365376344914,0.8833096468335714,3.2835921736948404
12,12,Aave,10.0,1,0.5,Full History,put,2020-10-14,2021-10-31,2020-10-14,2021-10-31,1.1,2.73972602739726,[0.29340824 0.50658498 0.60438159 0.71530489 0.94289948],[-0.60495471 -0.06938921  0.19899082  0.49238535  3.31579639],[-0.06738255  0.00915539  0.03176049  0.05156048  0.15140871],Aave_put_S=10.0_D=1_M=Full History,[3.85944023e-03 1.78309496e-01 9.98160954e+01 8.86083247e-02],kelly,0.29340823723146336,0.5065849791515433,0.6043815891822009,0.7153048910747826,0.9428994791092009,-0.6049547062430305,-0.06938921091537922,0.1989908243166657,0.49238534828396147,3.315796388775656
13,13,Aave,10.0,1,0.5,Full History,call,2020-10-14,2021-10-31,2020-10-14,2021-10-31,1.1,2.73972602739726,[0.10720802 0.23531961 0.29315374 0.3956293  0.7545389 ],[-0.37952662 -0.04865509  0.03038385  0.12347132  0.40725781],[-0.08791719 -0.00587155  0.0132004   0.03620372  0.11254464],Aave_call_S=10.0_D=1_M=Full History,[5.26152216e-04 2.69370216e-01 9.95401795e+01 5.31709349e-03],kelly,0.10720802109061613,0.2353196117711681,0.2931537438918772,0.3956292958819425,0.7545389039115521,-0.37952661648382546,-0.04865508798439852,0.03038385312311931,0.12347131727911109,0.4072578146933685
14,14,Aave,10.0,7,0.5,Full History,put,2020-10-14,2021-10-31,2020-10-14,2021-10-31,1.1,2.73972602739726,[0.14154606 0.38819171 0.48453458 0.60848152 0.9078084 ],[-0.54859546 -0.08414881  0.10394829  0.32026159  1.49405041],[-0.06868893  0.00144374  0.02385694  0.04663913  0.14665021],Aave_put_S=10.0_D=7_M=Full History,[0.01346459 0.53227178 0.63657315 0.10197944],kelly,0.14154605995258926,0.38819171006002606,0.48453457583756565,0.6084815173478278,0.9078084038544104,-0.548595463365428,-0.08414881304604957,0.10394829233381675,0.32026159120365977,1.4940504063675917
15,15,Aave,10.0,7,0.5,Full History,call,2020-10-14,2021-10-31,2020-10-14,2021-10-31,1.1,2.73972602739726,[0.18695793 0.40347673 0.5172868  0.64510408 0.90757837],[-0.54290486 -0.05448871  0.12601889  0.33426951  1.3689516 ],[-0.06528819  0.00794139  0.02709366  0.04797478  0.14346522],Aave_call_S=10.0_D=7_M=Full History,[0.01708361 1.18921445 2.07027793 0.06606318],kelly,0.18695793084748466,0.4034767322911588,0.5172868007084845,0.645104075558275,0.9075783654982326,-0.5429048597089122,-0.05448871496176122,0.12601888656162352,0.3342695137547744,1.368951598482309
16,16,Aave,10.0,14,0.5,Full History,put,2020-10-14,2021-10-31,2020-10-14,2021-10-31,1.1,2.73972602739726,[0.1469991  0.3468495  0.46579075 0.5717786  0.87027588],[-0.50929171 -0.09596527  0.07608221  0.28016291  1.04743566],[-0.06548692 -0.00249287  0.02066057  0.04714724  0.11241468],Aave_put_S=10.0_D=14_M=Full History,[0.02115221 0.63276617 0.62792534 0.11050909],kelly,0.1469990967531226,0.3468495027708878,0.46579074994581393,0.5717786027337177,0.8702758759847812,-0.5092917128671064,-0.09596526757471044,0.07608220724367865,0.28016291012023625,1.0474356564839673
17,17,Aave,10.0,14,0.5,Full History,call,2020-10-14,2021-10-31,2020-10-14,2021-10-31,1.1,2.73972602739726,[0.15547188 0.39641041 0.51236831 0.71136503 0.97508076],[-0.49933954  0.67596098  1.40579054  2.13639267  4.74451569],[-0.00763604  0.06289002  0.09339923  0.1235507   0.19902709],Aave_call_S=10.0_D=14_M=Full History,[1.63207547e-01 7.96226984e-07 1.00000000e+02 1.42708352e-01],kelly,0.15547188177270382,0.3964104102188982,0.5123683144535998,0.7113650333122385,0.9750807578945114,-0.4993395432791927,0.6759609825429878,1.40579053615315,2.1363926711260697,4.744515686250685
18,18,Bitcoin,-10.0,1,0.5,Full History,put,2017-01-02,2021-10-31,2017-01-02,2021-10-31,0.9,2.73972602739726,[0.08016902 0.19087198 0.25989985 0.35029711 0.76869198],[-0.40084393 -0.04492795  0.04350608  0.10249558  0.30296165],[-0.0757134  -0.00641134  0.01795875  0.03941434  0.18027749],Bitcoin_put_S=-10.0_D=1_M=Full History,[4.38256054e-04 5.12287642e-01 9.96107157e+01 1.74906512e-03],kelly,0.08016902297574992,0.19087197825810012,0.25989984979545,0.35029710680544085,0.7686919779366413,-0.40084392837538796,-0.04492795077499581,0.043506082160068904,0.10249558351514049,0.30296165338355086
19,19,Bitcoin,-10.0,1,0.5,Full History,call,2017-01-02,2021-10-31,2017-01-02,2021-10-31,0.9,2.73972602739726,[0.2891415  0.47726214 0.58535831 0.71455309 0.93572447],[-0.58791647 -0.03490556  0.21451003  0.57053358  1.93688983],[-0.05110666  0.0137515   0.0344003   0.05845523  0.13107496],Bitcoin_call_S=-10.0_D=1_M=Full History,[0.00365164 1.04147128 1.81768327 0.1175252 ],kelly,0.28914150477899003,0.477262135855406,0.5853583136952096,0.7145530883493418,0.9357244660277416,-0.5879164721204416,-0.03490555983881427,0.21451002749974069,0.5705335768925933,1.93688983105652
20,20,Bitcoin,-10.0,7,0.5,Full History,put,2017-01-02,2021-10-31,2017-01-02,2021-10-31,0.9,2.73972602739726,[0.08980486 0.22866295 0.30188631 0.39155979 0.73381109],[-0.36040198 -0.05067568  0.04620654  0.13095044  0.42264709],[-0.06641973 -0.0047688   0.01714603  0.03998661  0.174998  ],Bitcoin_put_S=-10.0_D=7_M=Full History,[0.00366886 0.83492838 0.72537263 0.01808374],kelly,0.08980486238343892,0.22866295140726078,0.30188630987852416,0.39155978769505284,0.7338110919165196,-0.36040198224315634,-0.05067568470709882,0.04620654015810166,0.13095044304382658,0.4226470899254686
21,21,Bitcoin,-10.0,7,0.5,Full History,call,2017-01-02,2021-10-31,2017-01-02,2021-10-31,0.9,2.73972602739726,[0.20059811 0.42188595 0.54983272 0.67404979 0.94118202],[-0.57525488  0.04577915  0.32525055  0.65722802  2.3138083 ],[-0.05752802  0.02145101  0.04290372  0.06719203  0.16323404],Bitcoin_call_S=-10.0_D=7_M=Full History,[ 0.0314315   1.80098909 14.68771103  0.15958989],kelly,0.20059811337289368,0.42188595149351327,0.5498327209736991,0.6740497882662899,0.9411820243135346,-0.5752548791170163,0.045779146682870475,0.32525054965858347,0.657228022311573,2.313808302219173
22,22,Bitcoin,-10.0,14,0.5,Full History,put,2017-01-02,2021-10-31,2017-01-02,2021-10-31,0.9,2.73972602739726,[0.01994632 0.18381695 0.24914565 0.34296662 0.74212909],[-0.37725529 -0.05761889  0.03656017  0.10612999  0.34847143],[-0.06763316 -0.00833838  0.01589484  0.04238044  0.22846917],Bitcoin_put_S=-10.0_D=14_M=Full History,[0.00498033 0.78642828 0.70316496 0.02538647],kelly,0.01994631527364834,0.18381694510443397,0.24914564936558514,0.3429666177614338,0.7421290944731619,-0.3772552920020823,-0.05761889047997737,0.03656016612938451,0.1061299863653295,0.3484714295435809
23,23,Bitcoin,-10.0,14,0.5,Full History,call,2017-01-02,2021-10-31,2017-01-02,2021-10-31,0.9,2.73972602739726,[0.12264963 0.43679278 0.58023958 0.77312083 1.7704783 ],[nan nan nan nan nan],[-0.03555     0.03026389  0.05726508  0.08538108  0.18795201],Bitcoin_call_S=-10.0_D=14_M=Full History,[9.84744158e-02 1.53908006e+00 1.00000000e+02 2.09083604e-01],kelly,0.1226496324902917,0.43679277727222293,0.5802395833871021,0.7731208329100505,1.7704782973477309,,,,,
24,24,Bitcoin,0.0,1,0.5,Full History,put,2017-01-02,2021-10-31,2017-01-02,2021-10-31,1.0,2.73972602739726,[0.15072418 0.32968273 0.41375503 0.51121417 0.87282719],[-0.48650545 -0.04793424  0.07904416  0.21455967  0.80432041],[-0.06960081  0.00113535  0.02139921  0.04264888  0.13758581],Bitcoin_put_S=0.0_D=1_M=Full History,[1.28620181e-03 3.90788525e-01 9.92920936e+01 1.43051924e-02],kelly,0.1507241832350775,0.32968272926218534,0.4137550308352854,0.5112141716039083,0.872827194851997,-0.4865054453187795,-0.047934243041150265,0.0790441622813407,0.21455966724172304,0.8043204141368221
25,25,Bitcoin,0.0,1,0.5,Full History,call,2017-01-02,2021-10-31,2017-01-02,2021-10-31,1.0,2.73972602739726,[0.189778   0.37652984 0.48770372 0.63376294 0.89481055],[-0.50485751 -0.08741227  0.12093293  0.34396458  1.14701416],[-0.05410853  0.00145252  0.02706582  0.05410085  0.14789908],Bitcoin_call_S=0.0_D=1_M=Full History,[0.00185191 1.04229978 1.28165667 0.01850264],kelly,0.18977799900121928,0.3765298398958755,0.48770372163884956,0.6337629354821597,0.8948105464478363,-0.5048575137873366,-0.08741227140691796,0.12093293090390345,0.3439645796713975,1.1470141566133343
26,26,Bitcoin,0.0,7,0.5,Full History,put,2017-01-02,2021-10-31,2017-01-02,2021-10-31,1.0,2.73972602739726,[0.11238819 0.29065204 0.36370699 0.46354028 0.77519119],[-0.41077291 -0.0620169   0.04083963  0.15856302  0.60031526],[-0.07733748 -0.00366553  0.015382    0.03834454  0.12167873],Bitcoin_put_S=0.0_D=7_M=Full History,[0.00559293 0.71033722 0.73429328 0.04103099],kelly,0.1123881852802824,0.2906520360881002,0.36370699217288754,0.4635402766994413,0.7751911877769099,-0.4107729056042957,-0.06201690045780622,0.04083962769361682,0.15856302278239182,0.6003152624772616
27,27,Bitcoin,0.0,7,0.5,Full History,call,2017-01-02,2021-10-31,2017-01-02,2021-10-31,1.0,2.73972602739726,[0.13858403 0.32393463 0.45675385 0.61439674 0.90569583],[-0.40054031  0.35374189  0.67591542  1.08231277  2.70211545],[-0.01922609  0.04906949  0.07460045  0.10905956  0.23006041],Bitcoin_call_S=0.0_D=7_M=Full History,[5.02369072e-02 2.32308939e+00 5.04941918e+01 7.50693944e-02],kelly,0.1385840323442481,0.323934633998754,0.4567538531132622,0.6143967358845057,0.9056958340956544,-0.40054031451945826,0.35374188843270715,0.6759154201019103,1.0823127682915201,2.7021154533486698
28,28,Bitcoin,0.0,14,0.5,Full History,put,2017-01-02,2021-10-31,2017-01-02,2021-10-31,1.0,2.73972602739726,[0.06173239 0.2547801  0.33026136 0.43930341 0.74806607],[-0.37567553 -0.07241494  0.03175801  0.14502634  0.61701884],[-0.06166402 -0.00766362  0.01352192  0.03838123  0.18881504],Bitcoin_put_S=0.0_D=14_M=Full History,[0.00927013 0.72946863 0.70306196 0.05226755],kelly,0.061732386901046106,0.2547800957773615,0.3302613590873434,0.43930340677285673,0.7480660727541236,-0.37567552784682945,-0.07241494325337414,0.03175800968325504,0.14502633777293483,0.61701884093292
29,29,Bitcoin,0.0,14,0.5,Full History,call,2017-01-02,2021-10-31,2017-01-02,2021-10-31,1.0,2.73972602739726,[0.08620973 0.33256774 0.44058277 0.5895105  0.9457339 ],[-0.59464314  0.1117195   0.37141657  0.63979659  1.86485062],[-0.03518861  0.02604301  0.05152209  0.07929993  0.17432638],Bitcoin_call_S=0.0_D=14_M=Full History,[6.39706351e-02 6.37621300e-05 1.00000000e+02 1.14999715e-01],kelly,0.08620973136871729,0.332567737055332,0.44058276752103687,0.5895104971099456,0.9457339039869112,-0.5946431380708399,0.11171949539085302,0.3714165735247702,0.6397965941702809,1.8648506190795096
30,30,Bitcoin,10.0,1,0.5,Full History,put,2017-01-02,2021-10-31,2017-01-02,2021-10-31,1.1,2.73972602739726,[0.21211929 0.38642727 0.46900932 0.56910804 0.84049963],[-0.40115828 -0.04275831  0.14913525  0.32891093  1.1496437 ],[-0.05015698  0.00528805  0.02902261  0.04739644  0.11463483],Bitcoin_put_S=10.0_D=1_M=Full History,[1.97050693e-03 2.76920678e-01 9.95431805e+01 8.93125005e-02],kelly,0.2121192919511747,0.38642727162983875,0.4690093168685454,0.5691080407903307,0.8404996343223902,-0.40115828426857525,-0.04275831428790214,0.14913524968643543,0.3289109331741599,1.1496436991958432
31,31,Bitcoin,10.0,1,0.5,Full History,call,2017-01-02,2021-10-31,2017-01-02,2021-10-31,1.1,2.73972602739726,[0.05873988 0.2050873  0.30739942 0.40923823 0.8129516 ],[-0.44862018 -0.04811277  0.05389024  0.16515856  0.45222168],[-0.05915431 -0.0028637   0.01979703  0.0551669   0.28606224],Bitcoin_call_S=10.0_D=1_M=Full History,[7.71172896e-04 6.70968433e-01 9.52721894e+01 2.21861341e-03],kelly,0.058739880913214935,0.20508729992144598,0.3073994242963711,0.4092382257490909,0.8129516043414181,-0.4486201826096744,-0.04811277089891286,0.053890244382939656,0.16515856002468293,0.4522216816951401
32,32,Bitcoin,10.0,7,0.5,Full History,put,2017-01-02,2021-10-31,2017-01-02,2021-10-31,1.1,2.73972602739726,[0.14509472 0.33281602 0.42805957 0.54609328 0.85863801],[-0.48676823 -0.06860024  0.05016297  0.25848097  0.95835182],"[-6.55856909e-02 -4.81937622e-05  1.73668903e-02  4.59432333e-02
  1.31284969e-01]",Bitcoin_put_S=10.0_D=7_M=Full History,[0.0097585  0.60737665 0.69936935 0.09296667],kelly,0.1450947222177035,0.33281602126911103,0.42805957084030494,0.5460932791396501,0.8586380061402122,-0.48676822854170354,-0.06860024461388564,0.05016296703116241,0.25848097250896956,0.9583518165106677
33,33,Bitcoin,10.0,7,0.5,Full History,call,2017-01-02,2021-10-31,2017-01-02,2021-10-31,1.1,2.73972602739726,[0.11154482 0.30353844 0.41412529 0.52416174 0.88435094],[-0.47825597 -0.07550067  0.08318615  0.23367976  0.75343396],[-0.05846049 -0.00051994  0.02298868  0.05075527  0.19849917],Bitcoin_call_S=10.0_D=7_M=Full History,[0.0080297  1.08411252 1.02930401 0.03093892],kelly,0.11154481943164764,0.3035384385956539,0.4141252926676189,0.5241617377366332,0.884350939563219,-0.47825596628283307,-0.07550067323030146,0.08318615177962085,0.23367976060250434,0.7534339595676045
34,34,Bitcoin,10.0,14,0.5,Full History,put,2017-01-02,2021-10-31,2017-01-02,2021-10-31,1.1,2.73972602739726,[0.07062176 0.29512591 0.37064499 0.48837303 0.8628315 ],[-0.46523107 -0.06686835  0.05221111  0.18275889  0.82043569],[-0.07651662 -0.00383642  0.01711486  0.03990197  0.15242405],Bitcoin_put_S=10.0_D=14_M=Full History,[0.01336262 0.60138109 0.67343606 0.09254847],kelly,0.07062176229430184,0.29512591377112907,0.3706449884953219,0.4883730271966194,0.8628314993042743,-0.46523107058816926,-0.06686834559075852,0.052211110203849054,0.18275889264621692,0.8204356908276351
35,35,Bitcoin,10.0,14,0.5,Full History,call,2017-01-02,2021-10-31,2017-01-02,2021-10-31,1.1,2.73972602739726,[0.05102582 0.22994078 0.30910657 0.4521923  0.95339197],[-0.42339242  0.45134483  0.72237582  0.97420548  1.74567199],[-0.01044368  0.06411256  0.09905873  0.13244035  0.22829163],Bitcoin_call_S=10.0_D=14_M=Full History,[8.63324470e-02 2.53553962e+00 1.00000000e+02 5.88467398e-02],kelly,0.051025821640596665,0.2299407798251484,0.309106569101478,0.4521922960773217,0.95339197489638,-0.4233924244413636,0.4513448282662887,0.7223758157211887,0.9742054759229235,1.7456719942842378
36,36,Ethereum,-10.0,1,0.5,Full History,put,2017-01-02,2021-10-31,2017-01-02,2021-10-31,0.9,2.73972602739726,[0.11056258 0.27330696 0.4282205  0.56395723 0.86576301],[-0.41674049 -0.07781615  0.10997648  0.28345037  0.86270119],"[-6.02759048e-02  7.53193039e-05  2.78579232e-02  6.11946972e-02
  2.64569566e-01]",Ethereum_put_S=-10.0_D=1_M=Full History,[1.32475170e-03 1.52749130e+00 1.84684182e+00 4.47509520e-03],kelly,0.11056257970768434,0.27330696150198014,0.4282204991125418,0.5639572334858286,0.8657630094352731,-0.4167404940649315,-0.07781615059033725,0.1099764750101393,0.2834503730226052,0.8627011910619524
37,37,Ethereum,-10.0,1,0.5,Full History,call,2017-01-02,2021-10-31,2017-01-02,2021-10-31,0.9,2.73972602739726,[ 0.2545509   0.62530832  0.77923602 10.84281803         nan],[nan nan nan nan nan],[-0.04216438  0.01064737  0.07371032  0.12588303  0.25049088],Ethereum_call_S=-10.0_D=1_M=Full History,[3.29824369e-03 2.16658843e-04 1.00000000e+02 1.30875199e-01],kelly,0.25455090363984617,0.6253083199825525,0.7792360247391132,10.842818032513932,,,,,,
38,38,Ethereum,-10.0,7,0.5,Full History,put,2017-01-02,2021-10-31,2017-01-02,2021-10-31,0.9,2.73972602739726,[0.1353427  0.33834649 0.44297374 0.5639929  0.91319571],[-0.53645142 -0.0820105   0.07928793  0.27219614  0.89943601],[-0.06578877  0.00062436  0.02181298  0.04961483  0.17512818],Ethereum_put_S=-10.0_D=7_M=Full History,[0.01022243 1.19510328 1.38009918 0.03675357],kelly,0.13534269740623878,0.3383464920235122,0.44297373881684193,0.563992898694157,0.9131957088342813,-0.536451415334497,-0.0820105017115712,0.07928793423563019,0.27219614179157026,0.8994360141145257
39,39,Ethereum,-10.0,7,0.5,Full History,call,2017-01-02,2021-10-31,2017-01-02,2021-10-31,0.9,2.73972602739726,"[2.42436007e-01 6.42911296e-01 8.34540179e-01 6.28213493e+00
 8.12164378e+02]",[nan nan nan nan nan],[-0.04267291  0.00382911  0.071156    0.11282815  0.21465309],Ethereum_call_S=-10.0_D=7_M=Full History,[ 0.05647049  2.59285124 38.2293163   0.23744583],kelly,0.24243600720440717,0.6429112960078177,0.8345401794635471,6.282134928163532,812.1643778897729,,,,,
40,40,Ethereum,-10.0,14,0.5,Full History,put,2017-01-02,2021-10-31,2017-01-02,2021-10-31,0.9,2.73972602739726,[0.12835282 0.29619843 0.42841607 0.54852437 0.88060318],[-0.50980163 -0.04843561  0.1002943   0.29425195  0.82478865],[-0.05192956  0.00411555  0.02565438  0.05489645  0.15930495],Ethereum_put_S=-10.0_D=14_M=Full History,[0.01934339 1.29466199 1.29491985 0.0571676 ],kelly,0.12835282142920268,0.2961984311983381,0.4284160658913775,0.5485243666129133,0.880603181676951,-0.5098016254246722,-0.048435614973874386,0.10029429719056215,0.2942519462799231,0.8247886458294675
41,41,Ethereum,-10.0,14,0.5,Full History,call,2017-01-02,2021-10-31,2017-01-02,2021-10-31,0.9,2.73972602739726,"[1.75901575e-01 6.60601093e-01 1.12988349e+00 3.69887277e+00
 1.91277850e+02]",[nan nan nan nan nan],[-0.05306236 -0.00745082  0.02296962  0.06706373  0.18925608],Ethereum_call_S=-10.0_D=14_M=Full History,[9.55152260e-13 2.67231466e+01 2.34580828e-01 3.18324912e-01],kelly,0.17590157547511906,0.6606010930569801,1.129883486936866,3.6988727710633738,191.27784986049176,,,,,
42,42,Ethereum,0.0,1,0.5,Full History,put,2017-01-02,2021-10-31,2017-01-02,2021-10-31,1.0,2.73972602739726,[0.18679416 0.42652    0.53593751 0.66565675 0.90908726],[-0.56955182 -0.05037853  0.19434893  0.43510045  1.47861402],[-0.05750419  0.00844264  0.03410239  0.05794247  0.15418981],Ethereum_put_S=0.0_D=1_M=Full History,[0.00265281 1.16669421 1.75780567 0.0212988 ],kelly,0.18679416233200988,0.426520004415405,0.5359375135339544,0.6656567463362058,0.9090872562300275,-0.5695518241242873,-0.05037853285422475,0.19434893129240083,0.43510045048376045,1.478614020962039
43,43,Ethereum,0.0,1,0.5,Full History,call,2017-01-02,2021-10-31,2017-01-02,2021-10-31,1.0,2.73972602739726,"[2.57156197e-01 5.51608451e-01 7.05873194e-01 5.39931489e+00
 2.94774967e+02]",[nan nan nan nan nan],[-0.04708233  0.00382351  0.0707974   0.11982875  0.26065324],Ethereum_call_S=0.0_D=1_M=Full History,[7.05796835e-16 3.34493719e+01 4.15671171e-01 3.46779510e-02],kelly,0.25715619650621097,0.551608450636565,0.7058731940594414,5.399314885009697,294.77496724303603,,,,,
44,44,Ethereum,0.0,7,0.5,Full History,put,2017-01-02,2021-10-31,2017-01-02,2021-10-31,1.0,2.73972602739726,[0.11727127 0.39056925 0.50689895 0.62898566 0.97606032],[-0.66004447 -0.10419348  0.09151539  0.31064043  1.26809218],[-0.08099553  0.00064423  0.02359189  0.0493273   0.16768103],Ethereum_put_S=0.0_D=7_M=Full History,[0.01378674 1.14010872 1.38456778 0.06181615],kelly,0.11727126869129238,0.39056924536371745,0.5068989536028932,0.6289856630102191,0.9760603170749218,-0.6600444713217937,-0.10419348171318576,0.09151538541511761,0.3106404327096039,1.2680921839947863
45,45,Ethereum,0.0,7,0.5,Full History,call,2017-01-02,2021-10-31,2017-01-02,2021-10-31,1.0,2.73972602739726,[  0.21268911   0.47239369   0.62936692   2.25617571 139.96308432],[nan nan nan nan nan],[-0.03448821  0.027312    0.08143033  0.11797266  0.2281044 ],Ethereum_call_S=0.0_D=7_M=Full History,[3.75953115e-16 3.34659607e+01 5.27880093e-01 1.49522090e-01],kelly,0.21268910564285654,0.47239369273982657,0.6293669154045001,2.256175709861615,139.9630843207478,,,,,
46,46,Ethereum,0.0,14,0.5,Full History,put,2017-01-02,2021-10-31,2017-01-02,2021-10-31,1.0,2.73972602739726,[0.12143127 0.31706364 0.41730677 0.52787509 0.87737796],[-0.53513429 -0.07697452  0.06603901  0.229615    0.93554059],[-0.08153848 -0.0006207   0.01959274  0.0441733   0.15947107],Ethereum_put_S=0.0_D=14_M=Full History,[0.01843076 0.92522067 1.20083233 0.07818343],kelly,0.12143127197215149,0.31706364078041394,0.41730677485182094,0.5278750912746067,0.8773779641109295,-0.5351342918322761,-0.07697452494637896,0.06603900789586858,0.22961499846425976,0.9355405872326767
47,47,Ethereum,0.0,14,0.5,Full History,call,2017-01-02,2021-10-31,2017-01-02,2021-10-31,1.0,2.73972602739726,"[1.40812220e-01 5.81452952e-01 8.72685817e-01 3.88663625e+00
 1.67541799e+02]",[nan nan nan nan nan],[-0.05158484 -0.00533377  0.03373036  0.0821708   0.19368903],Ethereum_call_S=0.0_D=14_M=Full History,[4.44034285e-04 6.51153243e+00 9.97289785e-01 2.50640841e-01],kelly,0.14081222000895618,0.5814529515771273,0.8726858168693019,3.886636249316814,167.54179870308283,,,,,
48,48,Ethereum,10.0,1,0.5,Full History,put,2017-01-02,2021-10-31,2017-01-02,2021-10-31,1.1,2.73972602739726,[0.25898402 0.49798176 0.61133419 0.73025099 0.95478575],[-0.63236411 -0.0870157   0.17390072  0.49857414  2.42908826],[-0.06719976  0.00792729  0.03080326  0.05357567  0.14297257],Ethereum_put_S=10.0_D=1_M=Full History,[0.00369599 0.8215806  1.45237944 0.09108415],kelly,0.25898401835595897,0.49798175888191,0.6113341922731576,0.7302509938887295,0.9547857536221452,-0.6323641112353924,-0.08701570484456553,0.1739007159577568,0.4985741377907725,2.4290882554398356
49,49,Ethereum,10.0,1,0.5,Full History,call,2017-01-02,2021-10-31,2017-01-02,2021-10-31,1.1,2.73972602739726,[ 0.14552123  0.32338965  0.50293401 13.95813569         nan],[nan nan nan nan nan],[-0.02618214  0.03302548  0.19639159  0.30074667  0.67554793],Ethereum_call_S=10.0_D=1_M=Full History,[1.47786615e-15 7.06067624e+00 1.00000000e+02 1.75488000e-02],kelly,0.1455212344819509,0.32338965495069827,0.5029340140746488,13.958135694390652,,,,,,
50,50,Ethereum,10.0,7,0.5,Full History,put,2017-01-02,2021-10-31,2017-01-02,2021-10-31,1.1,2.73972602739726,[0.17275893 0.42920918 0.52467131 0.63313707 0.89590149],[-0.55370743 -0.07775923  0.11787621  0.3588697   1.51853867],[-0.05930094  0.00505387  0.02589931  0.04956797  0.13898363],Ethereum_put_S=10.0_D=7_M=Full History,[0.01665288 0.8143888  1.09083121 0.10615067],kelly,0.17275893498952172,0.4292091769175923,0.5246713068254785,0.6331370701128205,0.8959014942765471,-0.5537074279690597,-0.07775923209551014,0.1178762120950273,0.3588697007635275,1.5185386695297667
51,51,Ethereum,10.0,7,0.5,Full History,call,2017-01-02,2021-10-31,2017-01-02,2021-10-31,1.1,2.73972602739726,"[1.51849815e-01 4.89085199e-01 7.74621067e-01 7.91447913e+00
 2.37828644e+02]",[nan nan nan nan nan],[-0.04921103  0.00118523  0.06525192  0.13554102  0.27474887],Ethereum_call_S=10.0_D=7_M=Full History,[3.90271128e-02 7.84125454e-01 7.30619873e+01 8.96159860e-02],kelly,0.15184981500721798,0.4890851987055194,0.7746210673745207,7.914479130499143,237.8286437919304,,,,,
52,52,Ethereum,10.0,14,0.5,Full History,put,2017-01-02,2021-10-31,2017-01-02,2021-10-31,1.1,2.73972602739726,[0.11748127 0.36172334 0.45907671 0.57211126 0.87303872],[-0.49991806 -0.06086603  0.09561508  0.2932934   1.11359572],[-0.05025471  0.00384239  0.02315825  0.04855639  0.14017847],Ethereum_put_S=10.0_D=14_M=Full History,[0.02422814 0.89729076 1.11772317 0.11520839],kelly,0.11748126855956752,0.3617233400453558,0.45907671328402494,0.5721112592903483,0.8730387196349723,-0.4999180570312619,-0.06086603444195757,0.0956150826328459,0.2932933989032435,1.113595722117679
53,53,Ethereum,10.0,14,0.5,Full History,call,2017-01-02,2021-10-31,2017-01-02,2021-10-31,1.1,2.73972602739726,"[1.09526187e-01 4.29399220e-01 5.80123377e-01 9.85682131e-01
 2.97594613e+02]",[nan nan nan nan nan],[-0.02562528  0.06570926  0.11407455  0.14855632  0.23189613],Ethereum_call_S=10.0_D=14_M=Full History,[ 0.12776377  1.01103464 38.73060609  0.16628449],kelly,0.10952618699220135,0.4293992204648125,0.5801233766313234,0.9856821314568484,297.5946132643334,,,,,
54,54,MSFT,-10.0,1,0.5,Full History,put,2017-01-03,2021-10-29,2017-01-03,2021-10-29,0.9,2.73972602739726,[ 0.         -0.          0.0263034   0.0263034   0.11384039],[-0.03896207 -0.00078819 -0.00078819  0.00898989  0.00898989],[-0.05768414 -0.00217252 -0.00217252         nan         nan],MSFT_put_S=-10.0_D=1_M=Full History,[9.34438022e-06 2.74594277e-04 1.00000000e+02 4.44170805e-05],kelly,0.0,-0.0,0.026303402395715124,0.0263034023957152,0.11384038606554052,-0.03896207223296633,-0.0007881913606232471,-0.0007881913606229141,0.008989891785659898,0.008989891785659898
55,55,MSFT,-10.0,1,0.5,Full History,call,2017-01-03,2021-10-29,2017-01-03,2021-10-29,0.9,2.73972602739726,[0.10914657 0.20550707 0.26499786 0.34736965 0.6373194 ],[-0.29240868 -0.05370294  0.02703519  0.09252569  0.51304082],[-0.08941908 -0.01045465  0.0124748   0.03103781  0.12353808],MSFT_call_S=-10.0_D=1_M=Full History,[3.65647929e-04 5.17849665e-03 1.00000000e+02 1.12900148e-01],kelly,0.10914657489340387,0.20550707090373393,0.26499785988766555,0.3473696529705862,0.6373194031581387,-0.2924086789511131,-0.0537029372382718,0.027035190481081495,0.09252569161569651,0.513040819545558
56,56,MSFT,-10.0,7,0.5,Full History,put,2017-01-03,2021-10-29,2017-01-03,2021-10-29,0.9,2.73972602739726,[0.         0.00029749 0.00489691 0.01288666 0.10719331],[-0.03701854 -0.00112376  0.00353775  0.00540265  0.00555105],[-0.05163675 -0.00886679  0.06102991  0.38387825  0.40685184],MSFT_put_S=-10.0_D=7_M=Full History,[2.08285895e-05 3.29411375e-04 1.00000000e+02 2.03206834e-04],kelly,0.0,0.000297487804507997,0.004896909626229201,0.01288666256144256,0.10719331182681507,-0.037018542045011316,-0.0011237586267831279,0.0035377499110087474,0.005402654931726536,0.0055510461983825365
57,57,MSFT,-10.0,7,0.5,Full History,call,2017-01-03,2021-10-29,2017-01-03,2021-10-29,0.9,2.73972602739726,[0.10344505 0.1955235  0.2530179  0.34789572 0.56987264],[-0.24935166 -0.0575777   0.02567427  0.10580514  0.42302381],[-0.07215717 -0.01262474  0.01212654  0.03329025  0.10204341],MSFT_call_S=-10.0_D=7_M=Full History,[0.00264814 0.18702047 0.73816221 0.12277663],kelly,0.1034450457537777,0.19552349627784915,0.2530179011373407,0.3478957233302976,0.5698726393261948,-0.24935166007208132,-0.05757770494526382,0.025674266772684806,0.10580514006268016,0.42302381061865835
58,58,MSFT,-10.0,14,0.5,Full History,put,2017-01-03,2021-10-29,2017-01-03,2021-10-29,0.9,2.73972602739726,[0.         0.00322009 0.02186602 0.0348284  0.12832989],[-0.04654423 -0.0050892   0.00154373  0.00933908  0.01101375],[-0.05100232 -0.01392927  0.00667074  0.1754968   0.27646344],MSFT_put_S=-10.0_D=14_M=Full History,[5.37796875e-05 5.98081041e-04 1.00000000e+02 8.18632155e-04],kelly,0.0,0.0032200948996633696,0.021866020319786777,0.034828397479964746,0.1283298904700507,-0.04654423343382441,-0.005089204282441695,0.0015437314923554268,0.009339082844638413,0.011013745709426814
59,59,MSFT,-10.0,14,0.5,Full History,call,2017-01-03,2021-10-29,2017-01-03,2021-10-29,0.9,2.73972602739726,[0.07103926 0.17258169 0.23576889 0.30360888 0.57488723],[-0.24314013 -0.05007995  0.01963547  0.11039164  0.39145905],[-0.07923632 -0.01087852  0.01052659  0.03694909  0.11224525],MSFT_call_S=-10.0_D=14_M=Full History,[0.00469085 0.28058678 0.61659461 0.13343076],kelly,0.07103926494040798,0.1725816882513568,0.2357688893623352,0.30360888413105824,0.5748872314263684,-0.24314012955085518,-0.05007994544607719,0.01963547282768574,0.1103916424871842,0.3914590524654251
60,60,MSFT,0.0,1,0.5,Full History,put,2017-01-03,2021-10-29,2017-01-03,2021-10-29,1.0,2.73972602739726,[0.06368676 0.12902604 0.16207394 0.21533029 0.4159735 ],[-0.16878284 -0.0356636   0.00314425  0.04089812  0.17288593],[-0.07659199 -0.01505504  0.00431393  0.02508277  0.10334904],MSFT_put_S=0.0_D=1_M=Full History,[1.16791045e-04 2.40540921e-01 9.99999929e+01 4.97988839e-03],kelly,0.06368676416293162,0.12902603777989302,0.1620739373836515,0.2153302894317492,0.41597349665539807,-0.1687828351209465,-0.0356635974991755,0.0031442530059285767,0.04089811840681373,0.17288592764029165
61,61,MSFT,0.0,1,0.5,Full History,call,2017-01-03,2021-10-29,2017-01-03,2021-10-29,1.0,2.73972602739726,[0.06095421 0.13636904 0.18138722 0.2293066  0.48022086],[-0.17649606 -0.03839364  0.00235503  0.05068182  0.22834488],[-0.08121145 -0.0160344   0.00410279  0.02763926  0.1306207 ],MSFT_call_S=0.0_D=1_M=Full History,[1.32217918e-04 3.55897144e-03 1.00000000e+02 6.55123806e-03],kelly,0.06095421374203915,0.13636904241631934,0.18138721727867346,0.22930659939289005,0.48022085639958223,-0.1764960648644771,-0.038393642330465994,0.0023550323606339463,0.05068181827515861,0.22834487648549273
62,62,MSFT,0.0,7,0.5,Full History,put,2017-01-03,2021-10-29,2017-01-03,2021-10-29,1.0,2.73972602739726,[0.03474053 0.09923151 0.13324695 0.17606223 0.36393724],[-0.14894446 -0.02452263  0.01114008  0.03663045  0.15929208],[-0.07816881 -0.01170004  0.00909531  0.02730631  0.1288944 ],MSFT_put_S=0.0_D=7_M=Full History,[5.64137425e-04 2.24786997e-01 4.11992394e+01 1.27057350e-02],kelly,0.0347405269154634,0.09923150525350957,0.13324695028642425,0.17606223311546562,0.3639372393440408,-0.14894446124821015,-0.024522628792503,0.011140082001871776,0.0366304521044869,0.15929208364504022
63,63,MSFT,0.0,7,0.5,Full History,call,2017-01-03,2021-10-29,2017-01-03,2021-10-29,1.0,2.73972602739726,[0.05946409 0.13079226 0.17570031 0.23562518 0.48711872],[-0.19758521 -0.04047375  0.0109298   0.05644215  0.23200726],[-0.08090195 -0.01469114  0.00805215  0.02971144  0.12293223],MSFT_call_S=0.0_D=7_M=Full History,[1.05900371e-03 1.99858358e-01 9.98329147e+01 2.36064085e-02],kelly,0.059464093621240374,0.13079226112579234,0.17570031351089774,0.23562517914510894,0.48711871951125985,-0.19758521381798788,-0.040473749301399686,0.010929803371483637,0.056442150832036186,0.23200725731045524
64,64,MSFT,0.0,14,0.5,Full History,put,2017-01-03,2021-10-29,2017-01-03,2021-10-29,1.0,2.73972602739726,[0.02554798 0.08279516 0.12358785 0.16487933 0.38565094],[-0.15356273 -0.0301119   0.000796    0.03344702  0.1233495 ],[-0.08543964 -0.01712761  0.00265725  0.02743903  0.13413689],MSFT_put_S=0.0_D=14_M=Full History,[9.11466910e-04 2.51552860e-01 9.98790006e+01 1.55564643e-02],kelly,0.025547981900670338,0.08279516461042348,0.12358784709609824,0.16487932976478015,0.3856509358026381,-0.15356273271123855,-0.030111899579282453,0.0007959987750627562,0.0334470247760606,0.12334949795294903
65,65,MSFT,0.0,14,0.5,Full History,call,2017-01-03,2021-10-29,2017-01-03,2021-10-29,1.0,2.73972602739726,[0.03794968 0.12812266 0.17104812 0.2340911  0.47207   ],[-0.18238976 -0.03950796  0.01285619  0.06369612  0.30283791],[-0.07057499 -0.01384289  0.00894381  0.03258649  0.16401023],MSFT_call_S=0.0_D=14_M=Full History,[2.23933709e-03 2.27922265e-01 9.99621716e+01 3.67883580e-02],kelly,0.037949679721452405,0.1281226611820663,0.17104812239624,0.23409110164798091,0.4720699958530361,-0.18238976464001377,-0.03950795968544696,0.012856189724913203,0.06369612031393485,0.30283790896991714
66,66,MSFT,10.0,1,0.5,Full History,put,2017-01-03,2021-10-29,2017-01-03,2021-10-29,1.1,2.73972602739726,[0.08106219 0.18449223 0.23474695 0.29319375 0.60007509],[-0.26214585 -0.0491577   0.00543207  0.07173381  0.3123945 ],[-0.10209489 -0.01371127  0.00576313  0.02816181  0.09731739],MSFT_put_S=10.0_D=1_M=Full History,[2.46164802e-04 2.32971569e-01 9.99999982e+01 8.95115881e-02],kelly,0.08106218742314772,0.18449222506438265,0.23474694811823993,0.2931937526013976,0.6000750929980103,-0.2621458536362149,-0.049157696845686605,0.005432070592354843,0.0717338136095797,0.3123945018752381
67,67,MSFT,10.0,1,0.5,Full History,call,2017-01-03,2021-10-29,2017-01-03,2021-10-29,1.1,2.73972602739726,[ 0.         -0.          0.01914727  0.01914727  0.09715993],[-0.03436412  0.00035137  0.00035137  0.00744282  0.00744282],[-0.06396861  0.00189555  0.00189555         nan         nan],MSFT_call_S=10.0_D=1_M=Full History,[1.71598764e-05 2.78303700e-04 1.00000000e+02 3.20927159e-05],kelly,0.0,-0.0,0.019147274170729783,0.019147274170729856,0.09715993282028573,-0.0343641196483534,0.00035137085859182626,0.00035137085859227035,0.0074428223588012266,0.0074428223588012266
68,68,MSFT,10.0,7,0.5,Full History,put,2017-01-03,2021-10-29,2017-01-03,2021-10-29,1.1,2.73972602739726,[0.07441028 0.162464   0.21523754 0.27617781 0.64213599],[-0.28574224 -0.04023693  0.01972735  0.08363566  0.33462361],[-0.11175545 -0.00998268  0.01088156  0.03269879  0.11248633],MSFT_put_S=10.0_D=7_M=Full History,[1.72632567e-03 1.36623224e-01 9.98609060e+01 8.31657418e-02],kelly,0.07441027630291851,0.16246399615072302,0.21523754142469997,0.27617781099657834,0.6421359892704265,-0.28574223948353294,-0.04023693375018916,0.019727345260436513,0.08363565595115252,0.3346236143358081
69,69,MSFT,10.0,7,0.5,Full History,call,2017-01-03,2021-10-29,2017-01-03,2021-10-29,1.1,2.73972602739726,[0.         0.0208017  0.04482504 0.07046769 0.20002699],[-0.07548265 -0.01052631  0.00285085  0.01505677  0.03337493],[-0.05420615 -0.01433315  0.0069525   0.049615    0.40685184],MSFT_call_S=10.0_D=7_M=Full History,[8.14469578e-05 8.34965715e-04 1.00000000e+02 1.22651451e-03],kelly,0.0,0.02080170259074008,0.04482504259536603,0.07046769007201867,0.20002699128323928,-0.07548264639970403,-0.010526312579929586,0.002850846730439005,0.015056770949510412,0.033374925761060714
70,70,MSFT,10.0,14,0.5,Full History,put,2017-01-03,2021-10-29,2017-01-03,2021-10-29,1.1,2.73972602739726,[0.05803132 0.1494066  0.20017356 0.26641683 0.53192085],[-0.21795344 -0.04764975  0.00821832  0.06449528  0.26552965],[-0.08213282 -0.01487988  0.0068666   0.02844988  0.09848309],MSFT_put_S=10.0_D=14_M=Full History,[2.91203359e-03 2.39809169e-01 9.99989155e+01 7.37230850e-02],kelly,0.05803131639218982,0.14940659521995503,0.20017355960973177,0.2664168334641665,0.5319208479419326,-0.21795343950706103,-0.04764974628786678,0.008218317373212325,0.06449527649808107,0.26552965296198416
71,71,MSFT,10.0,14,0.5,Full History,call,2017-01-03,2021-10-29,2017-01-03,2021-10-29,1.1,2.73972602739726,[0.00392895 0.04232491 0.06843006 0.0970908  0.25453605],[-0.08389983 -0.01302991  0.00374772  0.02022874  0.05955347],[-0.05795935 -0.01306029  0.00590672  0.03437413  0.2597878 ],MSFT_call_S=10.0_D=14_M=Full History,[3.25119772e-04 2.84244374e-01 9.94916232e+01 4.54865124e-03],kelly,0.003928954989046414,0.04232490771955239,0.06843005994604323,0.0970908013383936,0.2545360484818841,-0.08389982954490105,-0.01302991113343474,0.003747720195481863,0.020228744372477903,0.059553466737065186
72,72,Nikkei 225,-10.0,1,0.5,Full History,put,2017-01-04,2021-10-29,2017-01-04,2021-10-29,0.9,2.73972602739726,[ 0. -0. -0.  0.  0.],[0.00264573 0.00264573 0.00264573 0.00264573 0.00264573],[nan nan nan nan nan],Nikkei 225_put_S=-10.0_D=1_M=Full History,[1.70579447e-05 1.39744198e-04 1.00000000e+02 5.96356969e-06],kelly,0.0,-0.0,-0.0,0.0,0.0,0.0026457282356611156,0.0026457282356611156,0.0026457282356611156,0.0026457282356611156,0.0026457282356611156
73,73,Nikkei 225,-10.0,1,0.5,Full History,call,2017-01-04,2021-10-29,2017-01-04,2021-10-29,0.9,2.73972602739726,[0.07161649 0.15141257 0.19073196 0.24981705 0.4866025 ],[-0.18577841 -0.04277359  0.00627147  0.05761925  0.25570543],[-0.08055056 -0.01547174  0.00589829  0.02701466  0.10375766],Nikkei 225_call_S=-10.0_D=1_M=Full History,[1.66932800e-04 1.92071591e-03 1.00000000e+02 1.11556811e-01],kelly,0.07161649036646757,0.15141257324492147,0.1907319649723945,0.24981704580329633,0.4866025020715881,-0.18577840807345036,-0.04277359000000516,0.006271465212988492,0.0576192504115956,0.2557054336342284
74,74,Nikkei 225,-10.0,7,0.5,Full History,put,2017-01-04,2021-10-29,2017-01-04,2021-10-29,0.9,2.73972602739726,[ 0.         -0.         -0.          0.          0.01177293],[-0.00398789  0.00036255  0.00036255  0.00036255  0.00036255],[-0.04107158  0.40685184  0.40685184  0.40685184  0.40685184],Nikkei 225_put_S=-10.0_D=7_M=Full History,[8.68090276e-06 1.34498627e-04 1.00000000e+02 9.64720751e-06],kelly,0.0,-0.0,-0.0,0.0,0.01177293135956211,-0.0039878916818247845,0.0003625546197101315,0.0003625546197101315,0.0003625546197101315,0.0003625546197101315
75,75,Nikkei 225,-10.0,7,0.5,Full History,call,2017-01-04,2021-10-29,2017-01-04,2021-10-29,0.9,2.73972602739726,[0.05705396 0.13728654 0.17968886 0.24002544 0.56954221],[-0.22001851 -0.03721976  0.01009566  0.0658604   0.25363997],[-0.08310888 -0.01384228  0.00749065  0.03170548  0.09892713],Nikkei 225_call_S=-10.0_D=7_M=Full History,[1.16702525e-03 1.33944923e-02 1.00000000e+02 1.15643239e-01],kelly,0.057053955076636485,0.13728653778242403,0.17968886457092795,0.2400254369590885,0.5695422079234839,-0.22001851436023268,-0.03721975791554866,0.010095661220706376,0.06586040455787628,0.2536399699461436
76,76,Nikkei 225,-10.0,14,0.5,Full History,put,2017-01-04,2021-10-29,2017-01-04,2021-10-29,0.9,2.73972602739726,[ 0.         -0.         -0.          0.01030398  0.06639189],[-0.02366978 -0.00064273  0.00318742  0.00318742  0.00318742],[-0.05312763 -0.00521444  0.27646344  0.27646344  0.27646344],Nikkei 225_put_S=-10.0_D=14_M=Full History,[2.18692321e-05 3.09224566e-04 1.00000000e+02 2.34679773e-04],kelly,0.0,-0.0,-0.0,0.010303982572119555,0.06639188976971863,-0.023669780037654853,-0.0006427263727762922,0.003187422104222959,0.003187422104222959,0.003187422104222959
77,77,Nikkei 225,-10.0,14,0.5,Full History,call,2017-01-04,2021-10-29,2017-01-04,2021-10-29,0.9,2.73972602739726,[0.04839445 0.13346784 0.17840604 0.2331074  0.4477926 ],[-0.17486066 -0.04327163  0.01103727  0.06066412  0.23581459],[-0.07709158 -0.01522626  0.00787859  0.02840273  0.0905478 ],Nikkei 225_call_S=-10.0_D=14_M=Full History,[2.39636048e-03 1.09790261e-01 9.99980501e+01 1.19477331e-01],kelly,0.04839444811939735,0.13346784031000591,0.17840603757028822,0.2331073993080922,0.4477926000058921,-0.1748606583300042,-0.04327162630045872,0.011037272792165043,0.060664119800503846,0.23581458821021362
78,78,Nikkei 225,0.0,1,0.5,Full History,put,2017-01-04,2021-10-29,2017-01-04,2021-10-29,1.0,2.73972602739726,[0.03888994 0.08844656 0.11714265 0.15739496 0.30814985],[-0.11743189 -0.02247815  0.00380434  0.03206061  0.10989181],[-0.08759907 -0.01524715  0.0046902   0.02658009  0.09266193],Nikkei 225_put_S=0.0_D=1_M=Full History,[5.71031797e-05 5.22079376e-04 8.58576616e+01 3.88646926e-03],kelly,0.03888993992521568,0.08844656347956949,0.11714264573059899,0.15739496112771142,0.3081498501273986,-0.11743188668121296,-0.022478148717199775,0.0038043394584743595,0.03206061018182926,0.10989181291109973
79,79,Nikkei 225,0.0,1,0.5,Full History,call,2017-01-04,2021-10-29,2017-01-04,2021-10-29,1.0,2.73972602739726,[0.03797979 0.08957628 0.11592615 0.15559631 0.27657484],[-0.10963457 -0.02625266  0.00092992  0.02968614  0.10278104],[-0.07868695 -0.0179334   0.00251093  0.02496203  0.09307676],Nikkei 225_call_S=0.0_D=1_M=Full History,[5.34588612e-05 7.66870058e-04 1.00000000e+02 4.28801475e-03],kelly,0.0379797850321903,0.08957627703356738,0.11592614717241947,0.15559630597712082,0.27657483885737366,-0.10963457214032091,-0.02625265516894315,0.0009299204534506389,0.029686144119232538,0.10278104008807598
80,80,Nikkei 225,0.0,7,0.5,Full History,put,2017-01-04,2021-10-29,2017-01-04,2021-10-29,1.0,2.73972602739726,[0.03036302 0.07794745 0.10730845 0.15459258 0.29271038],[-0.10245668 -0.02840342 -0.00151034  0.02932209  0.11662173],[-0.07409077 -0.01940346  0.00059269  0.02685892  0.11569723],Nikkei 225_put_S=0.0_D=7_M=Full History,[3.50007334e-04 2.32792919e-01 9.99999982e+01 1.14254602e-02],kelly,0.030363019098016714,0.07794744741002707,0.10730845265762318,0.15459258285171207,0.2927103766256062,-0.10245667537622738,-0.028403420802141366,-0.0015103427512990764,0.02932209454959739,0.11662173220378702
81,81,Nikkei 225,0.0,7,0.5,Full History,call,2017-01-04,2021-10-29,2017-01-04,2021-10-29,1.0,2.73972602739726,[0.03683271 0.08406348 0.11152441 0.14632886 0.32198981],[-0.11852202 -0.02218712  0.0037948   0.03128088  0.11500338],[-0.07892912 -0.01427778  0.00468889  0.02691441  0.10591124],Nikkei 225_call_S=0.0_D=7_M=Full History,[3.80879919e-04 2.32610315e-01 9.99999986e+01 1.39354293e-02],kelly,0.036832712623126415,0.08406348488999812,0.11152440599267316,0.1463288566989945,0.321989808795463,-0.11852202356363761,-0.022187123683720306,0.0037947986485661334,0.03128088049381861,0.1150033823655483
82,82,Nikkei 225,0.0,14,0.5,Full History,put,2017-01-04,2021-10-29,2017-01-04,2021-10-29,1.0,2.73972602739726,[0.02338179 0.06821857 0.09399731 0.12885967 0.3646177 ],[-0.14796284 -0.02091288  0.00443798  0.03017108  0.10297722],[-0.0999533  -0.0159926   0.0055676   0.03000373  0.12501368],Nikkei 225_put_S=0.0_D=14_M=Full History,[5.79325971e-04 2.34692278e-02 1.00000000e+02 1.45948587e-02],kelly,0.02338178587553028,0.06821856986692316,0.09399731180371546,0.12885967026208203,0.3646177045394071,-0.14796284155323025,-0.0209128825772166,0.0044379846650053345,0.03017107514941031,0.10297722470028048
83,83,Nikkei 225,0.0,14,0.5,Full History,call,2017-01-04,2021-10-29,2017-01-04,2021-10-29,1.0,2.73972602739726,[0.03112996 0.07407329 0.10431067 0.14152633 0.42306303],[-0.17224687 -0.02439887  0.0059124   0.03236792  0.1191952 ],[-0.09121806 -0.01556107  0.00660852  0.02794183  0.12674217],Nikkei 225_call_S=0.0_D=14_M=Full History,[7.34748441e-04 2.14331380e-01 9.99930524e+01 1.81867791e-02],kelly,0.03112996067614583,0.07407328987123991,0.1043106655585147,0.1415263319159548,0.42306303186265903,-0.17224686801874578,-0.024398867885246756,0.005912399287938963,0.03236792348024131,0.11919520203689116
84,84,Nikkei 225,10.0,1,0.5,Full History,put,2017-01-04,2021-10-29,2017-01-04,2021-10-29,1.1,2.73972602739726,[0.05448207 0.12391237 0.16257461 0.21484576 0.38412766],[-0.15219355 -0.03586191  0.00691097  0.05069022  0.23193866],[-0.08578591 -0.01605538  0.00617515  0.02858703  0.11277842],Nikkei 225_put_S=10.0_D=1_M=Full History,[1.12186899e-04 2.02440203e-03 1.00000000e+02 9.05462306e-02],kelly,0.05448206627400401,0.1239123703221567,0.16257461082722344,0.21484575634607592,0.38412766339906157,-0.15219354583311961,-0.03586190968460795,0.00691097307930677,0.0506902214551091,0.23193865555763926
85,85,Nikkei 225,10.0,1,0.5,Full History,call,2017-01-04,2021-10-29,2017-01-04,2021-10-29,1.1,2.73972602739726,[ 0. -0. -0.  0.  0.],[0.00264573 0.00264573 0.00264573 0.00264573 0.00264573],[nan nan nan nan nan],Nikkei 225_call_S=10.0_D=1_M=Full History,[1.70579447e-05 1.39744198e-04 1.00000000e+02 5.96356969e-06],kelly,0.0,-0.0,-0.0,0.0,0.0,0.0026457282356611156,0.0026457282356611156,0.0026457282356611156,0.0026457282356611156,0.0026457282356611156
86,86,Nikkei 225,10.0,7,0.5,Full History,put,2017-01-04,2021-10-29,2017-01-04,2021-10-29,1.1,2.73972602739726,[0.04926328 0.11245135 0.15428973 0.20019966 0.39972632],[-0.16255585 -0.03169256  0.0055505   0.05113275  0.20896542],[-0.09589988 -0.01417974  0.00550561  0.02960325  0.10492944],Nikkei 225_put_S=10.0_D=7_M=Full History,[7.49159564e-04 1.10540046e-02 1.00000000e+02 8.82452147e-02],kelly,0.04926327721612372,0.11245134709153257,0.15428972562335158,0.2001996586006771,0.3997263233063324,-0.1625558497242302,-0.03169255596322523,0.005550499754730209,0.05113274994530065,0.2089654228598039
87,87,Nikkei 225,10.0,7,0.5,Full History,call,2017-01-04,2021-10-29,2017-01-04,2021-10-29,1.1,2.73972602739726,[ 0.         -0.         -0.          0.00327701  0.01610856],[-0.00532965 -0.00021845  0.00098703  0.00098703  0.00098703],[-0.05099286 -0.00571051  0.40685184  0.40685184  0.40685184],Nikkei 225_call_S=10.0_D=7_M=Full History,[1.74315970e-05 1.38872562e-04 8.58578655e+01 2.93528761e-05],kelly,0.0,-0.0,-0.0,0.0032770070812443352,0.016108558508101542,-0.005329654270547657,-0.00021845499177200467,0.000987027104714766,0.000987027104714766,0.000987027104714766
88,88,Nikkei 225,10.0,14,0.5,Full History,put,2017-01-04,2021-10-29,2017-01-04,2021-10-29,1.1,2.73972602739726,[0.03654055 0.10924731 0.14946363 0.19512708 0.42673948],[-0.18379643 -0.03420341  0.00509186  0.04426578  0.20048413],[-0.08713858 -0.01530733  0.00529035  0.02516721  0.09547376],Nikkei 225_put_S=10.0_D=14_M=Full History,[1.55637751e-03 1.54748550e-02 1.00000000e+02 8.81899024e-02],kelly,0.03654054949653447,0.1092473102571514,0.1494636287850242,0.19512707510516042,0.4267394790054042,-0.18379642545463448,-0.034203414717204506,0.005091857978978265,0.04426577791096481,0.2004841312966239
89,89,Nikkei 225,10.0,14,0.5,Full History,call,2017-01-04,2021-10-29,2017-01-04,2021-10-29,1.1,2.73972602739726,[ 0.         -0.          0.0038362   0.02016407  0.08119257],[-0.02992278 -0.00347417  0.00241031  0.00417505  0.00417505],[-0.06060423 -0.01522241  0.04322659  0.27646344  0.27646344],Nikkei 225_call_S=10.0_D=14_M=Full History,[2.15894114e-05 3.29567699e-04 1.00000000e+02 3.10771780e-04],kelly,0.0,-0.0,0.003836202543692714,0.02016406999365332,0.08119256856367062,-0.02992277990186032,-0.0034741654766895502,0.002410313343331416,0.004175054157566471,0.004175054157566471
90,90,EOS,-10.0,1,0.5,Full History,put,2017-06-29,2021-10-31,2017-06-29,2021-10-31,0.9,2.73972602739726,[0.07208585 0.19908262 0.26653889 0.36267527 0.70977884],[-0.30836057 -0.05061897  0.02904345  0.11490947  0.51220551],[-0.06062926 -0.00750722  0.01343781  0.03956341  0.24756683],EOS_put_S=-10.0_D=1_M=Full History,[4.62419732e-04 4.38742693e-01 9.95749321e+01 3.17155981e-03],kelly,0.07208584543654573,0.19908262180627423,0.2665388916456707,0.3626752722269853,0.7097788371989044,-0.30836056925938515,-0.050618970484966413,0.02904344557841576,0.11490946937223717,0.5122055139825845
91,91,EOS,-10.0,1,0.5,Full History,call,2017-06-29,2021-10-31,2017-06-29,2021-10-31,0.9,2.73972602739726,[0.29994506 0.49939455 0.77823041 0.86268425 0.99852934],[-0.70892469  0.80088017  1.92097375  3.30098957  9.39351209],[0.00743797 0.07090937 0.09905845 0.12823877 0.20413017],EOS_call_S=-10.0_D=1_M=Full History,[1.28603552e-02 1.18030440e-05 1.00000000e+02 1.20484752e-01],kelly,0.2999450640528332,0.49939455143490313,0.7782304138043319,0.8626842508924176,0.9985293387806439,-0.7089246928233561,0.8008801725574817,1.920973749624802,3.300989567716085,9.39351209424152
92,92,EOS,-10.0,7,0.5,Full History,put,2017-06-29,2021-10-31,2017-06-29,2021-10-31,0.9,2.73972602739726,[0.10887411 0.27708873 0.3612337  0.46197634 0.85156695],[-0.44148554 -0.05971289  0.05035715  0.16631514  0.63589883],[-0.06127143 -0.00383578  0.01718521  0.04083323  0.15879342],EOS_put_S=-10.0_D=7_M=Full History,[0.00549694 0.72998019 0.70112378 0.03204647],kelly,0.10887410977064418,0.27708872691568076,0.3612337047204487,0.4619763435048131,0.8515669479483716,-0.4414855355178341,-0.05971288981428255,0.05035714827015503,0.1663151362916862,0.6358988281171911
93,93,EOS,-10.0,7,0.5,Full History,call,2017-06-29,2021-10-31,2017-06-29,2021-10-31,0.9,2.73972602739726,[ 0.21835153  0.54786415  0.80160925  0.98057806 47.09877954],[nan nan nan nan nan],[-0.02958726  0.05606502  0.08784603  0.11866636  0.22601045],EOS_call_S=-10.0_D=7_M=Full History,[5.66416950e-02 8.62649206e-06 1.00000000e+02 2.11810663e-01],kelly,0.21835152930947888,0.5478641540519729,0.8016092517464243,0.9805780592431055,47.09877953633049,,,,,
94,94,EOS,-10.0,14,0.5,Full History,put,2017-06-29,2021-10-31,2017-06-29,2021-10-31,0.9,2.73972602739726,[0.08142034 0.25432384 0.33904646 0.4467949  0.78751412],[-0.41664426 -0.06062257  0.04175763  0.1609267   0.8490322 ],[-0.07528582 -0.00462225  0.01559943  0.0414269   0.23730434],EOS_put_S=-10.0_D=14_M=Full History,[0.00957605 0.70813556 0.66264354 0.04971445],kelly,0.08142033512281599,0.2543238423511637,0.33904646090680873,0.4467949021633275,0.7875141221405781,-0.416644256726162,-0.0606225669649908,0.041757633783432224,0.16092669582798047,0.8490321957428324
95,95,EOS,-10.0,14,0.5,Full History,call,2017-06-29,2021-10-31,2017-06-29,2021-10-31,0.9,2.73972602739726,[0.17522196 0.52670571 0.71457069 0.90843728 9.83153958],[nan nan nan nan nan],[-0.03037932  0.05099514  0.07713878  0.10597108  0.20582502],EOS_call_S=-10.0_D=14_M=Full History,[1.60647725e-01 5.23998262e-09 1.00000000e+02 2.33496515e-01],kelly,0.17522195547776337,0.5267057122343675,0.7145706914381589,0.908437278774069,9.831539576901381,,,,,
96,96,EOS,0.0,1,0.5,Full History,put,2017-06-29,2021-10-31,2017-06-29,2021-10-31,1.0,2.73972602739726,[0.20890954 0.39380511 0.47555099 0.56983158 0.87310361],[-0.47428704 -0.05185246  0.1033938   0.28737019  1.17918713],[-0.06338826  0.0035962   0.02389878  0.04501257  0.13515536],EOS_put_S=0.0_D=1_M=Full History,[1.86298384e-03 3.21792562e-01 9.86509185e+01 2.19801464e-02],kelly,0.2089095392712029,0.39380511305365296,0.47555099201343043,0.5698315838347365,0.8731036060768237,-0.4742870448999721,-0.05185246481588848,0.10339380375255525,0.2873701859539449,1.1791871319895826
97,98,EOS,0.0,7,0.5,Full History,put,2017-06-29,2021-10-31,2017-06-29,2021-10-31,1.0,2.73972602739726,[0.15891057 0.34178715 0.44006867 0.54942919 0.84111795],[-0.44897748 -0.08791562  0.04851421  0.20242029  0.86682574],[-0.06662516 -0.0034497   0.01673788  0.03922752  0.13002531],EOS_put_S=0.0_D=7_M=Full History,[0.00879608 0.6616169  0.7358813  0.06243983],kelly,0.15891056746903606,0.3417871518606145,0.44006866639611647,0.5494291895506123,0.8411179523509967,-0.44897748482526423,-0.08791562362456601,0.04851421327703498,0.20242028622927127,0.8668257386205556
98,99,EOS,0.0,7,0.5,Full History,call,2017-06-29,2021-10-31,2017-06-29,2021-10-31,1.0,2.73972602739726,[0.11356762 0.35610998 0.49139228 0.7978049  0.99628479],[-0.72372761  1.73110657  2.88137527  4.14252066 11.39990943],[0.01328974 0.1040209  0.13669841 0.17372371 0.2775807 ],EOS_call_S=0.0_D=7_M=Full History,[1.20906035e-01 2.46776556e-05 1.00000000e+02 9.20389550e-02],kelly,0.11356762192667326,0.35610997606842726,0.4913922807770543,0.7978049008569411,0.9962847932351269,-0.7237276072384505,1.7311065678367017,2.8813752737218534,4.14252066376108,11.399909428803591
99,100,EOS,0.0,14,0.5,Full History,put,2017-06-29,2021-10-31,2017-06-29,2021-10-31,1.0,2.73972602739726,[0.11101386 0.31705461 0.41081129 0.51873986 0.86955262],[-0.42625943 -0.07884831  0.06275809  0.20648744  0.96929357],[-0.05669694 -0.00299392  0.01883376  0.04183226  0.16255729],EOS_put_S=0.0_D=14_M=Full History,[0.0157043  0.66852852 0.68103956 0.08598632],kelly,0.11101385830182288,0.31705460849327916,0.4108112855578623,0.5187398638130518,0.8695526222342157,-0.42625942917661175,-0.07884830776290816,0.0627580876331324,0.2064874355335567,0.9692935734782486
100,101,EOS,0.0,14,0.5,Full History,call,2017-06-29,2021-10-31,2017-06-29,2021-10-31,1.0,2.73972602739726,[ 0.09775762  0.36785115  0.56694584  0.86469752 71.09816823],[nan nan nan nan nan],[0.01435907 0.08824247 0.12296105 0.15850937 0.23694605],EOS_call_S=0.0_D=14_M=Full History,[2.36016991e-01 4.03145003e-07 1.00000000e+02 1.49606862e-01],kelly,0.09775762363992621,0.3678511524443762,0.5669458416479191,0.8646975206806911,71.0981682316395,,,,,
101,102,EOS,10.0,1,0.5,Full History,put,2017-06-29,2021-10-31,2017-06-29,2021-10-31,1.1,2.73972602739726,[0.22939994 0.4642249  0.5606142  0.67052437 0.91016555],[-0.5163956  -0.07854265  0.1417946   0.4197336   1.88880497],[-0.05793953  0.00546373  0.02717565  0.04967318  0.13030618],EOS_put_S=10.0_D=1_M=Full History,[3.02373761e-03 2.58038524e-01 9.99269718e+01 9.29556232e-02],kelly,0.22939993579334494,0.46422489528234023,0.5606142033706432,0.6705243678325457,0.9101655460916892,-0.5163956005943555,-0.07854265161223828,0.14179460303385472,0.41973359823824585,1.8888049727044947
102,103,EOS,10.0,1,0.5,Full History,call,2017-06-29,2021-10-31,2017-06-29,2021-10-31,1.1,2.73972602739726,[0.10196209 0.2559254  0.41219336 0.66653646 0.98479929],[-0.64873448  0.06471743  0.39482054  0.72125639  1.39561123],[-0.04000066  0.02564204  0.0611481   0.11992664  0.27358164],EOS_call_S=10.0_D=1_M=Full History,[1.26081877e-14 3.06340912e+01 1.66053795e-01 5.66669267e-03],kelly,0.10196209401151357,0.25592539684720217,0.4121933627140527,0.66653645841022,0.984799292061007,-0.6487344818744052,0.06471742759114879,0.3948205426257293,0.7212563918557029,1.395611228857181
103,104,EOS,10.0,7,0.5,Full History,put,2017-06-29,2021-10-31,2017-06-29,2021-10-31,1.1,2.73972602739726,[0.18910249 0.39065325 0.48560906 0.59272362 0.89494584],[-0.48494041 -0.05461078  0.12249652  0.34030884  1.41978349],[-0.05529392  0.00501075  0.02582844  0.04860295  0.13064906],EOS_put_S=10.0_D=7_M=Full History,[0.01406062 0.52367727 0.68206353 0.11583089],kelly,0.1891024864430299,0.3906532527135682,0.48560906484426786,0.5927236236377744,0.8949458406766532,-0.4849404095904021,-0.05461077595694672,0.12249651830991626,0.3403088410309607,1.419783494950304
104,105,EOS,10.0,7,0.5,Full History,call,2017-06-29,2021-10-31,2017-06-29,2021-10-31,1.1,2.73972602739726,[0.12781684 0.39946223 0.54750391 0.68223702 0.96697647],[-0.39831384  1.90925867  2.79181571  3.94565676  8.17165459],[0.01073728 0.11075856 0.13870865 0.18038501 0.31371253],EOS_call_S=10.0_D=7_M=Full History,[1.17066686e-01 1.85536549e-08 1.00000000e+02 6.26402409e-02],kelly,0.1278168425066066,0.39946222742561643,0.5475039111683749,0.6822370170360043,0.9669764739515432,-0.3983138403695988,1.9092586671823855,2.7918157116537943,3.9456567589451286,8.17165459257658
105,106,EOS,10.0,14,0.5,Full History,put,2017-06-29,2021-10-31,2017-06-29,2021-10-31,1.1,2.73972602739726,[0.14468192 0.34919201 0.44483013 0.55118821 0.89426737],[-0.51302208 -0.05759488  0.1066066   0.33244854  1.11429844],[-0.07029996  0.00258419  0.02451787  0.05101335  0.14336177],EOS_put_S=10.0_D=14_M=Full History,[0.02185788 0.57137541 0.6100407  0.13309003],kelly,0.14468192144720876,0.3491920114384546,0.4448301338963744,0.5511882064165518,0.8942673740750812,-0.5130220823258729,-0.057594876929824484,0.10660659964804708,0.3324485426572956,1.1142984361252628
106,107,EOS,10.0,14,0.5,Full History,call,2017-06-29,2021-10-31,2017-06-29,2021-10-31,1.1,2.73972602739726,[0.04908144 0.36356048 0.48234525 0.67908303 2.98917915],[nan nan nan nan nan],[-0.02318967  0.04345398  0.07614256  0.10668648  0.24405349],EOS_call_S=10.0_D=14_M=Full History,[ 0.06713481  1.38353191 49.69225225  0.10820554],kelly,0.0490814432997991,0.36356047911907396,0.48234525495549796,0.6790830347337306,2.9891791454217733,,,,,
107,108,Monero,-10.0,1,0.5,Full History,put,2017-01-02,2021-10-31,2017-01-02,2021-10-31,0.9,2.73972602739726,[0.11535973 0.31354347 0.44883552 0.58197834 0.93401228],[-0.61301645 -0.08893542  0.08001949  0.26943279  1.02625545],"[-6.13755437e-02 -6.04576735e-05  2.24014918e-02  5.48161765e-02
  3.01776143e-01]",Monero_put_S=-10.0_D=1_M=Full History,[1.44170103e-03 1.47529388e+00 1.84123445e+00 5.00443135e-03],kelly,0.11535972722256166,0.31354347397481247,0.44883551731515997,0.5819783404656185,0.9340122791145942,-0.6130164516473959,-0.08893541793164644,0.08001948759775945,0.2694327861040329,1.026255447934329
108,109,Monero,-10.0,1,0.5,Full History,call,2017-01-02,2021-10-31,2017-01-02,2021-10-31,0.9,2.73972602739726,"[3.16857634e-01 5.47447176e-01 6.79790053e-01 8.58023004e+00
 8.35044193e+02]",[nan nan nan nan nan],[-0.0310537   0.01505114  0.09054109  0.12770453  0.25193698],Monero_call_S=-10.0_D=1_M=Full History,[1.63571651e-09 1.47755382e+01 4.13460609e+00 1.31481938e-01],kelly,0.31685763440671394,0.5474471755540194,0.6797900532992561,8.580230039414115,835.044192632877,,,,,
109,110,Monero,-10.0,7,0.5,Full History,put,2017-01-02,2021-10-31,2017-01-02,2021-10-31,0.9,2.73972602739726,[0.0819888  0.29900426 0.44093104 0.56671451 0.95683072],[-0.66276576 -0.05488279  0.11977113  0.30104782  1.01536834],[-0.06939169  0.00384285  0.02845819  0.05917689  0.24464199],Monero_put_S=-10.0_D=7_M=Full History,[0.01041608 1.4175531  1.45522944 0.0340707 ],kelly,0.08198879746636317,0.29900425923831025,0.4409310396043431,0.5667145073465832,0.9568307181988681,-0.6627657556218133,-0.05488279165979454,0.11977113170869735,0.30104781680610654,1.0153683370339701
110,111,Monero,-10.0,7,0.5,Full History,call,2017-01-02,2021-10-31,2017-01-02,2021-10-31,0.9,2.73972602739726,"[3.02349558e-01 6.49504491e-01 1.16942693e+00 5.53139951e+00
 3.89756081e+02]",[nan nan nan nan nan],[-0.0561546  -0.00596819  0.01941033  0.08051674  0.18898211],Monero_call_S=-10.0_D=7_M=Full History,[3.32943562e-10 1.87482685e-03 1.00000000e+02 2.38260427e-01],kelly,0.30234955784443696,0.6495044905066414,1.1694269310977254,5.531399508328368,389.7560809366122,,,,,
111,112,Monero,-10.0,14,0.5,Full History,put,2017-01-02,2021-10-31,2017-01-02,2021-10-31,0.9,2.73972602739726,[0.08687775 0.29918117 0.40839711 0.52807498 0.90144272],[-0.51422245 -0.03605991  0.09920946  0.24828245  0.85980698],[-0.0557702   0.00405312  0.02512309  0.05204319  0.18456668],Monero_put_S=-10.0_D=14_M=Full History,[0.01756106 1.16110448 1.21370798 0.0583683 ],kelly,0.08687774506740274,0.2991811733004148,0.40839711121533384,0.5280749807816272,0.9014427233271256,-0.5142224546574219,-0.03605991311414303,0.09920945543058224,0.24828245468664284,0.8598069837883637
112,113,Monero,-10.0,14,0.5,Full History,call,2017-01-02,2021-10-31,2017-01-02,2021-10-31,0.9,2.73972602739726,"[2.43976324e-01 5.83065611e-01 8.03392586e-01 2.91033948e+00
 5.15455760e+02]",[nan nan nan nan nan],[-0.03390811  0.00707748  0.06636815  0.09890709  0.17919908],Monero_call_S=-10.0_D=14_M=Full History,[  0.12249737   1.81571055 100.           0.287682  ],kelly,0.24397632403774255,0.5830656111697575,0.803392585580732,2.910339484286174,515.4557596451357,,,,,
113,114,Monero,0.0,1,0.5,Full History,put,2017-01-02,2021-10-31,2017-01-02,2021-10-31,1.0,2.73972602739726,[0.18002045 0.45363816 0.57571361 0.67763402 0.93251923],[-0.61694342 -0.06870766  0.17171916  0.43186464  2.3767592 ],[-0.05661992  0.00742675  0.03121357  0.05411117  0.21156721],Monero_put_S=0.0_D=1_M=Full History,[0.00285779 1.13136845 1.71737006 0.02275289],kelly,0.18002044593819472,0.45363816439778315,0.5757136095569165,0.6776340198437301,0.9325192335533854,-0.616943422834686,-0.06870765691604219,0.1717191604718905,0.4318646449876661,2.3767591988675694
114,115,Monero,0.0,1,0.5,Full History,call,2017-01-02,2021-10-31,2017-01-02,2021-10-31,1.0,2.73972602739726,"[2.54327447e-01 4.52581559e-01 6.40154773e-01 1.10754681e+01
 3.08603442e+02]",[nan nan nan nan nan],[-0.0382601   0.01250304  0.09022429  0.1508948   0.27813657],Monero_call_S=0.0_D=1_M=Full History,[1.84462636e-14 9.47984975e-05 1.00000000e+02 3.63335709e-02],kelly,0.25432744680735053,0.45258155915712545,0.640154772777378,11.075468058880968,308.6034418170275,,,,,
115,116,Monero,0.0,7,0.5,Full History,put,2017-01-02,2021-10-31,2017-01-02,2021-10-31,1.0,2.73972602739726,[0.17774031 0.39920186 0.51160169 0.64312709 0.92198664],[-0.58060314 -0.06132468  0.13756611  0.36617078  1.33226223],[-0.05303937  0.00743163  0.02845298  0.05410377  0.15575981],Monero_put_S=0.0_D=7_M=Full History,[0.01615703 1.18733323 1.26175875 0.06612436],kelly,0.17774030672425953,0.39920186496453497,0.5116016861627931,0.6431270930280883,0.9219866399963705,-0.5806031408471624,-0.06132467632354327,0.1375661078354803,0.36617077992285335,1.3322622326975058
116,117,Monero,0.0,7,0.5,Full History,call,2017-01-02,2021-10-31,2017-01-02,2021-10-31,1.0,2.73972602739726,[  0.16722871   0.45831723   0.64604662   2.19703391 122.80380642],[nan nan nan nan nan],[-0.03362779  0.02016569  0.08254914  0.11958474  0.23641144],Monero_call_S=0.0_D=7_M=Full History,[1.53067320e-06 1.20212692e+01 8.40929610e-01 1.44043196e-01],kelly,0.16722870729086037,0.4583172285737611,0.6460466168553922,2.1970339066772677,122.80380642223153,,,,,
117,118,Monero,0.0,14,0.5,Full History,put,2017-01-02,2021-10-31,2017-01-02,2021-10-31,1.0,2.73972602739726,[0.11522692 0.36059175 0.47125251 0.60350905 0.93450428],[-0.56524665 -0.07445124  0.12550131  0.31024814  1.06485371],[-0.06264193  0.0031567   0.02779697  0.05179326  0.15181945],Monero_put_S=0.0_D=14_M=Full History,[0.02498924 1.09247885 1.12466885 0.09046416],kelly,0.11522692086600438,0.3605917543281478,0.4712525109115924,0.603509052464447,0.9345042836234699,-0.5652466504008404,-0.07445123975546242,0.12550131110452378,0.31024813683384944,1.064853705460997
118,119,Monero,0.0,14,0.5,Full History,call,2017-01-02,2021-10-31,2017-01-02,2021-10-31,1.0,2.73972602739726,"[1.51731237e-01 5.24054228e-01 7.60918595e-01 8.00594137e+00
 4.34423003e+03]",[nan nan nan nan nan],[-0.03402478  0.01532756  0.08251193  0.13058617  0.21539348],Monero_call_S=0.0_D=14_M=Full History,[3.38359535e-02 1.19334984e-05 1.00000000e+02 2.77223842e-01],kelly,0.15173123666941224,0.5240542281106946,0.7609185947913011,8.005941365807752,4344.230032686549,,,,,
119,120,Monero,10.0,1,0.5,Full History,put,2017-01-02,2021-10-31,2017-01-02,2021-10-31,1.1,2.73972602739726,[0.30264575 0.49894278 0.61170594 0.74616688 0.92520799],[-0.54772276 -0.08092465  0.18857629  0.5619468   3.41333527],[-0.04642401  0.00921535  0.03142784  0.05748126  0.15657711],Monero_put_S=10.0_D=1_M=Full History,[0.00385171 0.81481711 1.40276707 0.09258064],kelly,0.30264574590610294,0.49894277909633356,0.6117059403810031,0.746166875156733,0.9252079911498842,-0.5477227632210258,-0.08092465054869347,0.188576290022747,0.5619467973100162,3.413335273299933
120,121,Monero,10.0,1,0.5,Full History,call,2017-01-02,2021-10-31,2017-01-02,2021-10-31,1.1,2.73972602739726,"[1.36545201e-01 2.86616933e-01 4.01812367e-01 1.98760097e+01
 2.64281080e+03]",[nan nan nan nan nan],[-0.02306802  0.04496619  0.27576473  0.37921284  0.76970743],Monero_call_S=10.0_D=1_M=Full History,[4.63387269e-11 2.65756931e-03 1.00000000e+02 1.92846358e-02],kelly,0.13654520118932176,0.2866169327962403,0.4018123673935414,19.87600965771207,2642.810803253265,,,,,
121,122,Monero,10.0,7,0.5,Full History,put,2017-01-02,2021-10-31,2017-01-02,2021-10-31,1.1,2.73972602739726,[0.22800418 0.43713538 0.52776359 0.65528172 0.94028292],[-0.57324145 -0.05594329  0.16423405  0.42761454  1.90579588],[-0.06118442  0.00890765  0.03001154  0.05264768  0.15240528],Monero_put_S=10.0_D=7_M=Full History,[0.01957725 0.79882241 1.03052548 0.12186412],kelly,0.2280041797331193,0.4371353830263141,0.5277635885547858,0.6552817231437389,0.9402829168272023,-0.573241448097195,-0.05594329209634674,0.16423404752959148,0.42761453635618885,1.9057958786602542
122,123,Monero,10.0,7,0.5,Full History,call,2017-01-02,2021-10-31,2017-01-02,2021-10-31,1.1,2.73972602739726,[ 0.18948347  0.38195897  0.49777544  0.73320639 55.91076607],[nan nan nan nan nan],[-0.04065688  0.03907192  0.09158125  0.13193934  0.25668166],Monero_call_S=10.0_D=7_M=Full History,[1.10813163e-15 3.33011008e+01 2.61962908e+00 9.74223950e-02],kelly,0.18948347158652612,0.3819589672305473,0.49777544124339657,0.7332063934249549,55.91076607211127,,,,,
123,124,Monero,10.0,14,0.5,Full History,put,2017-01-02,2021-10-31,2017-01-02,2021-10-31,1.1,2.73972602739726,[0.11967052 0.38548618 0.4795644  0.61410151 0.92819254],[-0.60436158 -0.08558026  0.11421574  0.32646812  1.28194515],[-0.08375732  0.00345783  0.02535799  0.04747682  0.14594255],Monero_put_S=10.0_D=14_M=Full History,[0.02945666 0.86438395 0.99543524 0.13676483],kelly,0.11967052195522565,0.385486180204549,0.4795643983488813,0.614101506591125,0.9281925402208477,-0.6043615760370398,-0.08558026313199188,0.11421573559974163,0.3264681167775107,1.2819451482826691
124,125,Monero,10.0,14,0.5,Full History,call,2017-01-02,2021-10-31,2017-01-02,2021-10-31,1.1,2.73972602739726,"[4.71049045e-02 3.82563434e-01 6.57647122e-01 5.41085361e+00
 2.66991355e+02]",[nan nan nan nan nan],[-0.04130352  0.01410472  0.08932104  0.15221718  0.23705429],Monero_call_S=10.0_D=14_M=Full History,[6.70597968e-12 8.37737751e-05 1.00000000e+02 2.02328391e-01],kelly,0.047104904463249934,0.3825634343530166,0.6576471220163718,5.410853613357294,266.9913553974812,,,,,
